{
  "timestamp_parsing": {
    "detection": {
      "mean_time": 0.02373035733277599,
      "median_time": 0.023846971002058126,
      "min_time": 0.023098381992895156,
      "max_time": 0.02424571900337469,
      "std_time": 0.0005824900126196243,
      "mean_memory_mb": 0.3229166666666667,
      "max_memory_mb": 0.48828125,
      "times": [
        0.02424571900337469,
        0.023846971002058126,
        0.023098381992895156
      ],
      "result_size": 6000
    },
    "parsing": {
      "mean_time": 0.0011891183336653437,
      "median_time": 0.0002952859940705821,
      "min_time": 0.0002936160017270595,
      "max_time": 0.0029784530051983893,
      "std_time": 0.0015496095063858221,
      "mean_memory_mb": 0.08723958333333333,
      "max_memory_mb": 0.26171875,
      "times": [
        0.0029784530051983893,
        0.0002936160017270595,
        0.0002952859940705821
      ],
      "result_size": 6000
    }
  },
  "pattern_matching": {
    "single_pattern": {
      "mean_time": 0.00288265433240061,
      "median_time": 0.0028843500040238723,
      "min_time": 0.002852660996722989,
      "max_time": 0.002910951996454969,
      "std_time": 2.9182471436272896e-05,
      "mean_memory_mb": 0.14713541666666666,
      "max_memory_mb": 0.36328125,
      "times": [
        0.002910951996454969,
        0.0028843500040238723,
        0.002852660996722989
      ],
      "result_size": 3334
    },
    "multiple_patterns": {
      "mean_time": 0.01346008200198412,
      "median_time": 0.013476097999955527,
      "min_time": 0.013396984999417327,
      "max_time": 0.013507163006579503,
      "std_time": 5.680829568665338e-05,
      "mean_memory_mb": 0.061197916666666664,
      "max_memory_mb": 0.18359375,
      "times": [
        0.013507163006579503,
        0.013476097999955527,
        0.013396984999417327
      ],
      "result_size": 5000
    },
    "complex_regex": {
      "mean_time": 0.02537250933528412,
      "median_time": 0.025420195001061074,
      "min_time": 0.025275193998822942,
      "max_time": 0.025422139005968347,
      "std_time": 8.428315858867788e-05,
      "mean_memory_mb": 0.15625,
      "max_memory_mb": 0.45703125,
      "times": [
        0.025420195001061074,
        0.025422139005968347,
        0.025275193998822942
      ],
      "result_size": 0
    },
    "case_insensitive": {
      "mean_time": 0.006336166668916121,
      "median_time": 0.006342672000755556,
      "min_time": 0.006252218008739874,
      "max_time": 0.006413609997252934,
      "std_time": 8.089241618227131e-05,
      "mean_memory_mb": 0.17447916666666666,
      "max_memory_mb": 0.5234375,
      "times": [
        0.006342672000755556,
        0.006413609997252934,
        0.006252218008739874
      ],
      "result_size": 5001
    }
  },
  "file_sizes": {
    "small": {
      "mean_time": 0.00030625499978971976,
      "median_time": 0.00030648500251118094,
      "min_time": 0.0003051800013054162,
      "max_time": 0.0003070999955525622,
      "std_time": 9.804439893120058e-07,
      "mean_memory_mb": 0.0,
      "max_memory_mb": 0.0,
      "times": [
        0.00030648500251118094,
        0.0003051800013054162,
        0.0003070999955525622
      ],
      "result_size": 334,
      "file": "/tmp/tmp358g4y0x.log",
      "lines": 1000,
      "size_mb": 0.05401039123535156,
      "lines_per_second": 3265252.814440966,
      "mb_per_second": 176.3575819902894
    },
    "medium": {
      "mean_time": 0.002833547657549692,
      "median_time": 0.0027964329929091036,
      "min_time": 0.002794677988276817,
      "max_time": 0.0029095319914631546,
      "std_time": 6.581021395284552e-05,
      "mean_memory_mb": 0.12760416666666666,
      "max_memory_mb": 0.3828125,
      "times": [
        0.0027964329929091036,
        0.0029095319914631546,
        0.002794677988276817
      ],
      "result_size": 3334,
      "file": "/tmp/tmpifj7_psa.log",
      "lines": 10000,
      "size_mb": 0.5432453155517578,
      "lines_per_second": 3529144.806637024,
      "mb_per_second": 191.71913841093775
    },
    "large": {
      "mean_time": 0.03014426767185796,
      "median_time": 0.02978307200828567,
      "min_time": 0.02965317999769468,
      "max_time": 0.03099655100959353,
      "std_time": 0.0007409508414463854,
      "mean_memory_mb": 4.5859375,
      "max_memory_mb": 9.40234375,
      "times": [
        0.02978307200828567,
        0.03099655100959353,
        0.02965317999769468
      ],
      "result_size": 33334,
      "file": "/tmp/tmplt6xjg4e.log",
      "lines": 100000,
      "size_mb": 5.464204788208008,
      "lines_per_second": 3317380.3088723845,
      "mb_per_second": 181.26845368047444
    }
  },
  "context_lines": {
    "no_context": {
      "mean_time": 0.0028644859994528815,
      "median_time": 0.002881089996662922,
      "min_time": 0.0027950810035690665,
      "max_time": 0.002917286998126656,
      "std_time": 6.27721739225723e-05,
      "mean_memory_mb": 0.0,
      "max_memory_mb": 0.0,
      "times": [
        0.002881089996662922,
        0.002917286998126656,
        0.0027950810035690665
      ],
      "result_size": 3334
    },
    "after_context": {
      "mean_time": 0.0033859416677538925,
      "median_time": 0.0033922549919225276,
      "min_time": 0.003297365998150781,
      "max_time": 0.0034682040131883696,
      "std_time": 8.559381047739115e-05,
      "mean_memory_mb": 0.03515625,
      "max_memory_mb": 0.10546875,
      "times": [
        0.003297365998150781,
        0.0034682040131883696,
        0.0033922549919225276
      ],
      "result_size": 13333
    },
    "before_context": {
      "mean_time": 0.004064514665515162,
      "median_time": 0.004064952008775435,
      "min_time": 0.004012176999822259,
      "max_time": 0.004116414987947792,
      "std_time": 5.2120370240052615e-05,
      "mean_memory_mb": 0.33203125,
      "max_memory_mb": 0.64453125,
      "times": [
        0.004012176999822259,
        0.004116414987947792,
        0.004064952008775435
      ],
      "result_size": 13333
    },
    "around_context": {
      "mean_time": 0.004544279004524772,
      "median_time": 0.0045743970113107935,
      "min_time": 0.004469317995244637,
      "max_time": 0.0045891220070188865,
      "std_time": 6.53343023141231e-05,
      "mean_memory_mb": 0.0,
      "max_memory_mb": 0.0,
      "times": [
        0.004469317995244637,
        0.0045891220070188865,
        0.0045743970113107935
      ],
      "result_size": 23332
    },
    "large_context": {
      "mean_time": 0.005645938668749295,
      "median_time": 0.005965579010080546,
      "min_time": 0.004896819998975843,
      "max_time": 0.006075416997191496,
      "std_time": 0.0006510761721223607,
      "mean_memory_mb": 0.0,
      "max_memory_mb": 0.0,
      "times": [
        0.004896819998975843,
        0.005965579010080546,
        0.006075416997191496
      ],
      "result_size": 29996
    }
  },
  "cli_overhead": {
    "direct_api": {
      "mean_time": 0.002902253795764409,
      "median_time": 0.0029065779963275418,
      "min_time": 0.0028137580084148794,
      "max_time": 0.0030201899935491383,
      "std_time": 7.633403875908144e-05,
      "mean_memory_mb": 0.0,
      "max_memory_mb": 0.0,
      "times": [
        0.0029074889898765832,
        0.0030201899935491383,
        0.0029065779963275418,
        0.0028632539906539023,
        0.0028137580084148794
      ],
      "result_size": 3334
    },
    "cli_subprocess": {
      "mean_time": 0.06140930340334307,
      "median_time": 0.061537366011179984,
      "min_time": 0.05996583600062877,
      "max_time": 0.06294875299499836,
      "std_time": 0.0010793953178494056,
      "mean_memory_mb": 0.0,
      "max_memory_mb": 0.0,
      "times": [
        0.061537366011179984,
        0.06294875299499836,
        0.06158483600302134,
        0.06100972600688692,
        0.05996583600062877
      ],
      "result_size": 3335
    },
    "overhead_seconds": 0.058507049607578666,